query_id,item_id,position,relevance_feature,distance_score,rating_score,clicked
1,1,1,0.3745401188473625,0.9507143064099162,0.7319939418114051,0
1,2,2,0.15601864044243652,0.15599452033620265,0.05808361216819946,0
1,3,3,0.6011150117432088,0.7080725777960455,0.020584494295802447,1
1,4,4,0.8324426408004217,0.21233911067827616,0.18182496720710062,0
1,5,5,0.3042422429595377,0.5247564316322378,0.43194501864211576,0
2,1,1,0.6118528947223795,0.13949386065204183,0.29214464853521815,0
2,2,2,0.45606998421703593,0.7851759613930136,0.19967378215835974,0
2,3,3,0.5924145688620425,0.046450412719997725,0.6075448519014384,0
2,4,4,0.06505159298527952,0.9488855372533332,0.9656320330745594,0
2,5,5,0.3046137691733707,0.09767211400638387,0.6842330265121569,0
3,1,1,0.12203823484477883,0.4951769101112702,0.034388521115218396,1
3,2,2,0.2587799816000169,0.662522284353982,0.31171107608941095,0
3,3,3,0.5467102793432796,0.18485445552552704,0.9695846277645586,0
3,4,4,0.9394989415641891,0.8948273504276488,0.5978999788110851,1
3,5,5,0.0884925020519195,0.1959828624191452,0.045227288910538066,0
4,1,1,0.388677289689482,0.2713490317738959,0.8287375091519293,0
4,2,2,0.28093450968738076,0.5426960831582485,0.14092422497476265,0
4,3,3,0.07455064367977082,0.9868869366005173,0.7722447692966574,0
4,4,4,0.005522117123602399,0.8154614284548342,0.7068573438476171,0
4,5,5,0.7712703466859457,0.07404465173409036,0.3584657285442726,0
5,1,1,0.8631034258755935,0.6232981268275579,0.3308980248526492,1
5,2,2,0.3109823217156622,0.32518332202674705,0.7296061783380641,0
5,3,3,0.8872127425763265,0.4722149251619493,0.1195942459383017,0
5,4,4,0.7607850486168974,0.5612771975694962,0.770967179954561,0
5,5,5,0.5227328293819941,0.42754101835854963,0.02541912674409519,0
6,1,1,0.03142918568673425,0.6364104112637804,0.3143559810763267,0
6,2,2,0.907566473926093,0.24929222914887494,0.41038292303562973,1
6,3,3,0.22879816549162246,0.07697990982879299,0.289751452913768,0
6,4,4,0.9296976523425731,0.808120379564417,0.6334037565104235,1
6,5,5,0.8036720768991145,0.18657005888603584,0.8925589984899778,0
7,1,1,0.8074401551640625,0.8960912999234932,0.3180034749718639,1
7,2,2,0.22793516254194168,0.4271077886262563,0.8180147659224931,1
7,3,3,0.006952130531190703,0.5107473025775657,0.417411003148779,0
7,4,4,0.1198653673336828,0.33761517140362796,0.9429097039125192,0
7,5,5,0.5187906217433661,0.7030189588951778,0.363629602379294,1
8,1,1,0.9624472949421112,0.25178229582536416,0.49724850589238545,1
8,2,2,0.2848404943774676,0.036886947354532795,0.6095643339798968,0
8,3,3,0.05147875124998935,0.27864646423661144,0.9082658859666537,0
8,4,4,0.1448948720912231,0.489452760277563,0.9856504541106007,0
8,5,5,0.6721355474058786,0.7616196153287176,0.23763754399239967,0
9,1,1,0.3677831327192532,0.6323058305935795,0.6335297107608947,0
9,2,2,0.0902897700544083,0.835302495589238,0.32078006497173583,0
9,3,3,0.040775141554763916,0.5908929431882418,0.6775643618422824,0
9,4,4,0.512093058299281,0.22649577519793795,0.6451727904094499,0
9,5,5,0.690937738102466,0.3867353463005374,0.9367299887367345,0
10,1,1,0.3410663510502585,0.11347352124058907,0.9246936182785628,1
10,2,2,0.2579416277151556,0.659984046034179,0.8172222002012158,0
10,3,3,0.5296505783560065,0.24185229090045168,0.09310276780589921,1
10,4,4,0.9004180571633305,0.6331014572732679,0.3390297910487007,0
10,5,5,0.7259556788702394,0.8971102599525771,0.8870864242651173,0
11,1,1,0.6420316461542878,0.08413996499504883,0.16162871409461377,1
11,2,2,0.6064290596595899,0.009197051616629648,0.1014715428660321,0
11,3,3,0.005061583846218687,0.16080805141749865,0.5487337893665861,0
11,4,4,0.6519612595026005,0.22426930946055978,0.7121792213475359,0
11,5,5,0.3253996981592677,0.7464914051180241,0.6496328990472147,0
12,1,1,0.6576128923003434,0.5683086033354716,0.09367476782809248,0
12,2,2,0.26520236768172545,0.24398964337908358,0.9730105547524456,0
12,3,3,0.8920465551771133,0.6311386259972629,0.7948113035416484,0
12,4,4,0.5769038846263591,0.4925176938188639,0.1952429877980445,0
12,5,5,0.2807723624408558,0.02431596643145384,0.6454722959071678,0
13,1,1,0.9404585843529143,0.9539285770025874,0.9148643902204485,1
13,2,2,0.015456616528867428,0.9283185625877254,0.42818414831731433,1
13,3,3,0.9636199770892528,0.8530094554673601,0.2944488920695857,0
13,4,4,0.8511366715168569,0.31692200515627766,0.1694927466860925,0
13,5,5,0.936154774160781,0.696029796674973,0.570061170089365,0
14,1,1,0.6150072266991697,0.9900538501042633,0.14008401523652403,1
14,2,2,0.8773730719279554,0.7407686177542044,0.697015740995268,1
14,3,3,0.35949115121975517,0.29359184426449336,0.8093611554785136,0
14,4,4,0.8670723185801037,0.9132405525564713,0.5113423988609378,0
14,5,5,0.7982951789667752,0.6499639307777652,0.7019668772577033,0
15,1,1,0.8900053418175663,0.3379951568515358,0.375582952639944,1
15,2,2,0.578280140996174,0.035942273796742086,0.46559801813246016,0
15,3,3,0.2865412521282844,0.5908332605690108,0.03050024993904943,0
15,4,4,0.8226005606596583,0.3601906414112629,0.12706051265188478,0
15,5,5,0.7699935530986108,0.21582102749684318,0.6228904758190003,0
16,1,1,0.0516817211686077,0.531354631568148,0.5406351216101065,0
16,2,2,0.7260913337226615,0.9758520794625346,0.5163003483011953,0
16,3,3,0.7951861947687037,0.2708322512620742,0.4389714207056361,0
16,4,4,0.02535074341545751,0.9626484146779251,0.8359801205122058,0
16,5,5,0.4089529444142699,0.17329432007084578,0.15643704267108605,0
17,1,1,0.5492266647061205,0.7145959227000623,0.6601973767177313,1
17,2,2,0.9548652806631941,0.7378969166957685,0.5543540525114007,1
17,3,3,0.4196000624277899,0.24773098950115746,0.3559726786512616,0
17,4,4,0.014393488629755868,0.11607264050691624,0.04600264202175275,0
17,5,5,0.8554605840110072,0.7036578593800237,0.4741738290873252,0
18,1,1,0.49161587511683236,0.4734717707805657,0.17320186991001518,0
18,2,2,0.39850473439737344,0.6158500980522165,0.6350936508676438,0
18,3,3,0.3746126146264712,0.6258599157142364,0.5031362585800877,1
18,4,4,0.658693631618945,0.1629344270814297,0.07056874740042984,0
18,5,5,0.026511310541621813,0.5857755812734633,0.9402302414249576,0
19,1,1,0.3881699262065219,0.6432882184423532,0.45825289049151663,1
19,2,2,0.9414648087765252,0.38610263780077425,0.9611905638239142,1
19,3,3,0.19579113478929644,0.06936130087516545,0.10077800137742665,0
19,4,4,0.0944429607559284,0.6830067734163568,0.07118864846022899,0
19,5,5,0.8448753109694546,0.023271935735825866,0.8144684825889358,0
20,1,1,0.11816482762165625,0.6967371653641506,0.628942846779884,1
20,2,2,0.7350710438038858,0.8034809303848486,0.2820345725713065,0
20,3,3,0.7506147516408583,0.806834739267264,0.9905051420006733,0
20,4,4,0.37201808579278317,0.7764129607419968,0.34080354025301784,1
20,5,5,0.8584127518430118,0.42899402737501835,0.7508710677914974,0
21,1,1,0.10312386883593261,0.9025529066795667,0.5052523724478571,1
21,2,2,0.32004960103061175,0.8955232284962005,0.3892016787341631,0
21,3,3,0.9053819764192637,0.09128667678613356,0.31931363759041487,1
21,4,4,0.9506071469375561,0.5734378881232861,0.6318372121697993,0
21,5,5,0.29321077169806453,0.32866454536991596,0.6725184560770384,0
22,1,1,0.7915790437258485,0.7896181427945539,0.09120610304869037,1
22,2,2,0.057558760016644284,0.5495288823237355,0.441530501373377,1
22,3,3,0.3509150125520787,0.11706701642760586,0.14299168205283586,0
22,4,4,0.6182180633162611,0.10112267612279024,0.08410680611499743,0
22,5,5,0.07276300636419353,0.8218600592903562,0.7062422271564962,0
23,1,1,0.08483771408519192,0.9866395785011755,0.3742707957561203,0
23,2,2,0.8127995672575026,0.9472485773838587,0.9860010638228709,1
23,3,3,0.37625958553091576,0.08350071669866876,0.7771469159274368,0
23,4,4,0.4242220092469763,0.906354385094736,0.11119748230615134,0
23,5,5,0.011353644767419069,0.46866064199412627,0.05630327568183735,0
24,1,1,0.11752624677710488,0.6492103021160636,0.7460448792654233,0
24,2,2,0.9621725484745419,0.37487057952370406,0.28571208628186073,1
24,3,3,0.22359583851945264,0.9632225394406113,0.012154474689816341,1
24,4,4,0.04315991195057611,0.8911431136980711,0.5277011090862999,1
24,5,5,0.07379656473539886,0.5538542844013208,0.969302535619099,0
25,1,1,0.6293986381352625,0.6957486889846172,0.45454106476777323,0
25,2,2,0.5843143119231002,0.901158010490989,0.04544638034145787,0
25,3,3,0.9504114840765587,0.8902637838909163,0.45565675278571294,0
25,4,4,0.2773811829811327,0.1881211597237613,0.46369840493998216,0
25,5,5,0.5836561118508721,0.07773463696498484,0.9743948076661665,1
26,1,1,0.6981617140197451,0.5360963663441204,0.30952761628632774,0
26,2,2,0.6847311725538793,0.1626169393448913,0.9109271844938425,1
26,3,3,0.949799913291924,0.72571950838836,0.6134151959357899,0
26,4,4,0.9327284833540133,0.8660638895004084,0.04521867010618941,0
26,5,5,0.3764633668780496,0.8105533307818329,0.9872761293149445,0
27,1,1,0.5941307153521351,0.3808908566310215,0.9699143978146032,0
27,2,2,0.8383287047111379,0.4686931597949703,0.4148195023376652,0
27,3,3,0.056375496650927115,0.8647223762550532,0.8129010091300776,1
27,4,4,0.9966368370739054,0.5554317056026274,0.7689874151805105,1
27,5,5,0.8496473906774115,0.24734810174319766,0.4505441353100935,0
28,1,1,0.9540510272587224,0.60617463445088,0.22864280550346272,0
28,2,2,0.6181282404578958,0.3581627180328405,0.11355759219962902,0
28,3,3,0.5203077009037933,0.7723183917356393,0.5201635011119934,1
28,4,4,0.5519068387744855,0.5609379715353863,0.876653602658345,0
28,5,5,0.13401522845064073,0.028782676313338973,0.755137255673619,0
29,1,1,0.7040797680992236,0.21296416150891073,0.13637147558676976,0
29,2,2,0.350587558806597,0.5899176868546331,0.3922440450997323,0
29,3,3,0.9041586944937484,0.34825546702330035,0.5139894891598108,1
29,4,4,0.39654278232127016,0.6220867002278735,0.8623637087467452,1
29,5,5,0.14707348092903794,0.9265876251614944,0.4921162930795382,0
30,1,1,0.4591357562382613,0.980032575285477,0.4926180939928696,1
30,2,2,0.6334008543167258,0.24014561877819307,0.07586332810866392,0
30,3,3,0.12804583895777244,0.15190269351229435,0.13882717264941014,0
30,4,4,0.18188008439914483,0.3456672833238632,0.8967884099060118,0
30,5,5,0.6675577385210272,0.17231987120162984,0.19228901880867078,0
31,1,1,0.16893506307216455,0.2785903390319586,0.17701048427674682,0
31,2,2,0.12063587110060081,0.46077876803272577,0.2063337184057925,0
31,3,3,0.5034172708548569,0.6903948286293653,0.039312139841098936,0
31,4,4,0.6279003894909078,0.08175903194887191,0.8735786241067772,1
31,5,5,0.06107795985486375,0.2768776481472037,0.8062012797930613,0
32,1,1,0.18452101935637732,0.2093493233367103,0.370472102791382,0
32,2,2,0.618254771530296,0.3689136395697724,0.4625347161331479,1
32,3,3,0.0366832028905979,0.25243694434402075,0.7133495858845524,0
32,4,4,0.5116774421156661,0.5321134852653157,0.10717201133977605,0
32,5,5,0.5326172664550232,0.24247050363472966,0.26924323094938096,0
33,1,1,0.02007119777772637,0.3220791655831783,0.21144800699654465,0
33,2,2,0.11976213181925122,0.890527280739895,0.5935924535540487,0
33,3,3,0.7891712386073383,0.4984421989290573,0.08692028808742369,0
33,4,4,0.5868411180208791,0.74543947418433,0.4316595462296794,0
33,5,5,0.28377590579872447,0.3630822963986351,0.6459172413316012,0
34,1,1,0.35609672589784624,0.9865152487929797,0.6057748193568872,1
34,2,2,0.10178247262040374,0.15285913918433203,0.24595772838450813,0
34,3,3,0.18656702405130576,0.2850951686938471,0.17337359529475482,0
34,4,4,0.08023374566164221,0.5245113895702547,0.4103968269896615,1
34,5,5,0.11203890216805235,0.39785559904574164,0.9694704332753689,0
35,1,1,0.8170720709492799,0.25790282704493983,0.17088758739006582,0
35,2,2,0.9293759891275858,0.5567628930139298,0.5716126894698998,0
35,3,3,0.7694929331919369,0.18704374855752337,0.3236792364042437,0
35,4,4,0.507610378684455,0.24240973241508024,0.11483682473920354,0
35,5,5,0.28863055324025577,0.5812382214226123,0.1543627152742023,0
36,1,1,0.5325894325515859,0.05182353682242691,0.3366042781939206,0
36,2,2,0.06337497047276774,0.9899602323899452,0.32235384497472297,0
36,3,3,0.25464065476376385,0.6815027222239293,0.7602278598896866,0
36,4,4,0.47157618855015837,0.41184091414726853,0.3488682665429953,1
36,5,5,0.8306194077877291,0.9650269106665126,0.12429722348554473,0
37,1,1,0.9383404568210378,0.18123306616566015,0.0664962673667775,0
37,2,2,0.5744731131799119,0.8418287767582721,0.1397723766262895,1
37,3,3,0.20162732004774453,0.1636559428657045,0.16426579793099294,0
37,4,4,0.6651972206962001,0.5230654247691193,0.3588304841235025,1
37,5,5,0.3924451074226354,0.8165994394715771,0.4391349085702184,0
38,1,1,0.46267978566960644,0.3013778741641421,0.7476093801762511,1
38,2,2,0.2322126951468173,0.8995745732745685,0.3838912213732114,0
38,3,3,0.9064721109645469,0.6242379959139921,0.11689804070836407,1
38,4,4,0.6277080530714179,0.3349056146570861,0.13927207266338726,0
38,5,5,0.6200727559285135,0.5334610919763215,0.8938925830509576,0
39,1,1,0.15167487973275118,0.31172206779554823,0.24848913981446574,0
39,2,2,0.03353243473577938,0.5698896848713165,0.7624586857406905,1
39,3,3,0.34208174871590746,0.8212573046720129,0.11063173695520723,0
39,4,4,0.12748866233198242,0.39728729056036727,0.7972953657795536,0
39,5,5,0.22925139523264149,0.7222525683930663,0.7200365365460744,0
40,1,1,0.6939484444671,0.5427244433475962,0.25179905890695276,1
40,2,2,0.18159771680142567,0.9084505613336283,0.5833917947661205,0
40,3,3,0.4620058036441327,0.9472833396118153,0.1533514031160802,0
40,4,4,0.505888678884466,0.6114542354346478,0.01811018382084051,0
40,5,5,0.9321182824836124,0.5651331835892089,0.6966508238768923,1
41,1,1,0.7072386343133986,0.15253904291426135,0.5762883601668132,0
41,2,2,0.424130671302386,0.7364442356247228,0.9343670147690148,1
41,3,3,0.4508393714041321,0.11323804584075525,0.9848411989623346,1
41,4,4,0.12466268120326685,0.9208418826173723,0.8698963620621283,0
41,5,5,0.5912754357449292,0.39900270387013026,0.05476163882203133,0
42,1,1,0.8028534485980114,0.004632023004602859,0.3334991716911442,1
42,2,2,0.5373956029379229,0.9198556164127605,0.34634599436596125,0
42,3,3,0.7375012481097484,0.45221794088980716,0.22460482293998196,0
42,4,4,0.14085702037979986,0.1763869865062233,0.49836777273947974,0
42,5,5,0.9148459010681,0.3623938991166331,0.5805883502780435,0
43,1,1,0.013094456588333636,0.6635373720167106,0.17803596686975143,1
43,2,2,0.14866272775311296,0.41462412372702373,0.08534966807864386,1
43,3,3,0.5021950103312426,0.5953850173200438,0.06707647738842748,0
43,4,4,0.20990559309558576,0.8980542894407137,0.20513964048200717,0
43,5,5,0.03654966784809488,0.47206694510999925,0.5648411332626164,0
44,1,1,0.7755276166950106,0.4532888347480276,0.52439026932758,1
44,2,2,0.400763060875326,0.5596403313082179,0.1552402459307125,0
44,3,3,0.8617856210135173,0.9461154621336327,0.37330931627975295,0
44,4,4,0.6439995432390158,0.4087341710980964,0.02538635566034486,0
44,5,5,0.7159722288473975,0.6589239419101514,0.02709599250348349,0
45,1,1,0.2310747965880714,0.6718927435987284,0.019710537754364155,0
45,2,2,0.7999160853731894,0.1785446620543336,0.6527461078518747,0
45,3,3,0.09944139275934516,0.24317219099945409,0.7222669318556592,0
45,4,4,0.8302198645669916,0.3971835296184548,0.6680851365706462,0
45,5,5,0.29314773026101326,0.8963358185211198,0.013001923510736035,0
46,1,1,0.20788625514602732,0.026532203873819715,0.18143543508979731,0
46,2,2,0.42142455059249795,0.8926717110769748,0.8174435617384409,0
46,3,3,0.2594234334312925,0.3796924081672669,0.5902949425148077,0
46,4,4,0.624148907849134,0.4094116521912404,0.5520471808519802,0
46,5,5,0.29446575954191767,0.9484533069621567,0.7636057941597608,0
47,1,1,0.8684679758979128,0.48743119824951364,0.8945522268940914,1
47,2,2,0.42521350446923345,0.022469308320117398,0.2686773593849461,0
47,3,3,0.6334782198261473,0.2578876854332023,0.13935607407282413,0
47,4,4,0.9844021807035521,0.5256901823026858,0.1716792858483035,0
47,5,5,0.018390676547466733,0.914298806560499,0.11775108289014113,0
48,1,1,0.274055220687206,0.5541780025157934,0.6514203883518642,1
48,2,2,0.2064212717606032,0.010995828658480478,0.13688563006880727,0
48,3,3,0.8738900775625152,0.5974131021703083,0.6005168604336534,0
48,4,4,0.1753712786234496,0.9144119459249598,0.4187705248920731,0
48,5,5,0.5189177052828375,0.046965966775055046,0.1662833687560794,0
49,1,1,0.08279866792512647,0.6031521094663882,0.24534910968132095,0
49,2,2,0.28869373677069987,0.35567271646494913,0.7190459051842455,0
49,3,3,0.5664046402968972,0.47605040219909966,0.6636711653626481,1
49,4,4,0.7325720972102503,0.21494037859075676,0.031183135061284672,0
49,5,5,0.5950779307002548,0.05142581348425035,0.49636624720123634,0
50,1,1,0.3342438908169608,0.7709122037458219,0.1065982531337718,0
50,2,2,0.7281887562036033,0.49549131620619846,0.688402396427736,0
50,3,3,0.2464020332391068,0.8191023176741997,0.7994158789689793,0
50,4,4,0.2721451372299627,0.5902306668690871,0.3609738969400268,0
50,5,5,0.9173135754622428,0.1368186309189614,0.9502373538208024,0
51,1,1,0.18513292883861965,0.5419009473783581,0.8729458358764083,1
51,2,2,0.8065611478614497,0.6587833667107174,0.6922765645178525,1
51,3,3,0.24966800885918594,0.4894249636431405,0.22120944181960223,1
51,4,4,0.9440593396866133,0.0394268113685059,0.7055751725156885,1
51,5,5,0.18057534512733353,0.5679452305526295,0.9154882975880418,0
52,1,1,0.6974202672468399,0.29734900737255077,0.9243961953765304,0
52,2,2,0.9442664891134339,0.47421421665746377,0.8620426509893134,1
52,3,3,0.31910047324325563,0.8289154741506773,0.03700763471549262,0
52,4,4,0.23000883728770305,0.12056688577727881,0.07695320162920916,0
52,5,5,0.33987496376806614,0.7247667715287615,0.06535634079894237,0
53,1,1,0.5394912923753372,0.7907231648389635,0.3187525029320699,0
53,2,2,0.8859777482361871,0.6158631881823046,0.23295947475363377,0
53,3,3,0.8700988739009299,0.021269410850387138,0.8747016726841994,0
53,4,4,0.9390676985128962,0.7987832357736654,0.9979341105333375,0
53,5,5,0.7671882889311269,0.40193091360924216,0.47987562030390885,0
54,1,1,0.8736771141863388,0.9840834691992951,0.7682734138645182,1
54,2,2,0.4213570022770702,0.7375823015888915,0.23877714576830233,0
54,3,3,0.35462215764077654,0.28723899165408173,0.2963081204559901,0
54,4,4,0.04209318963636188,0.01787393473341381,0.9877223897360315,0
54,5,5,0.3843266471596817,0.6796472826930698,0.21825388786506417,1
55,1,1,0.786345014415552,0.08941100231225951,0.41758077578492836,0
55,2,2,0.9447320222914103,0.4674015112498697,0.6134113892107077,0
55,3,3,0.9911686261369765,0.2316717013834434,0.9427317741351257,0
55,4,4,0.6077367948788591,0.5126885110165086,0.2306698117177587,0
55,5,5,0.22048620907017535,0.18643826214425452,0.7795844735667533,0
56,1,1,0.05784267656339637,0.9691026301408113,0.8837858849634257,1
56,2,2,0.9949078226464353,0.1738952492194873,0.39624201890265875,1
56,3,3,0.6960206180537922,0.15389590633985506,0.8158331249906178,0
56,4,4,0.22381761482262308,0.5369744228934136,0.5929399348417032,0
56,5,5,0.09148683739775487,0.8774608626303804,0.26560004258870606,0
57,1,1,0.8887480798689772,0.9556514982297534,0.8621276172654506,1
57,2,2,0.6552419806390217,0.5508573706091393,0.08698675991141014,0
57,3,3,0.372688517012314,0.2597537837603262,0.7234201136885849,0
57,4,4,0.08104621590764793,0.22018320194981134,0.6832587636595959,0
57,5,5,0.8512069140487687,0.4951465270139743,0.480586577326648,0
58,1,1,0.8246809659251492,0.34780920790219305,0.6780161525590636,1
58,2,2,0.2670282701694213,0.878629986355158,0.7974260216069281,0
58,3,3,0.8505817290942419,0.8672942009598024,0.7083629767150348,1
58,4,4,0.6974714616692836,0.6801407717603004,0.6186113782151843,0
58,5,5,0.1586051052930737,0.8808707591989284,0.871843527745232,0
59,1,1,0.8258167505647627,0.1288698674734452,0.3351188542591419,0
59,2,2,0.1607598960483082,0.8179670241190622,0.8321341779577419,0
59,3,3,0.00638587171683358,0.2870381331749128,0.6169269183757422,1
59,4,4,0.6318135270166684,0.2598035810641598,0.6340057030996114,0
59,5,5,0.7798453951511436,0.10698063882695841,0.761027902502028,0
60,1,1,0.9629920038589946,0.3418721660386861,0.6326218931339481,0
60,2,2,0.10250972799067926,0.9372284872364511,0.6878857223008134,0
60,3,3,0.30096356694681625,0.7081720886452816,0.0673506014687717,0
60,4,4,0.34588305695295674,0.6209155177674771,0.04574203381251285,0
60,5,5,0.9734889691773969,0.9688778552856915,0.7496518317429247,0
61,1,1,0.7582631959290226,0.02458691645880151,0.022123551528997254,0
61,2,2,0.48864319040466575,0.7704074178077932,0.6832953766065052,0
61,3,3,0.2736266662816659,0.9971245001577111,0.42618130223597295,0
61,4,4,0.16362382119166918,0.7948095487499294,0.6936822257814886,0
61,5,5,0.0823810456158427,0.6804993020747131,0.6545112142811352,0
62,1,1,0.9508635622504104,0.15105789178090023,0.4323348010426019,0
62,2,2,0.4197273169261223,0.6385259476640855,0.3975943979627943,0
62,3,3,0.9839776479598282,0.409334006315043,0.8940992036791344,0
62,4,4,0.2131047040250833,0.03113408288451136,0.651666825375885,0
62,5,5,0.864358249839637,0.47320990669155716,0.9681934279147217,0
63,1,1,0.8686231679556108,0.7765968527917417,0.770921844644052,0
63,2,2,0.7610239909429989,0.6262203216314154,0.13124487768238757,0
63,3,3,0.9208478478156868,0.616650314520738,0.7965372909761763,0
63,4,4,0.11730818896239448,0.12518579220255044,0.6855652872289714,0
63,5,5,0.20052472670033672,0.4915945467414369,0.06420893707513409,0
64,1,1,0.26899340443509767,0.7975591006371882,0.31036195892357377,0
64,2,2,0.011620539908100636,0.07244688779455888,0.3924935564066848,0
64,3,3,0.6000205481193037,0.29166257870930323,0.6949818861265425,1
64,4,4,0.7798509888933498,0.039618825348357145,0.48050694725782894,0
64,5,5,0.24204501586252747,0.9866625932671464,0.14249554290151323,0
65,1,1,0.6181557343181191,0.702464970544104,0.5596486834869141,1
65,2,2,0.3264613082439919,0.5177116433847114,0.08786649914483335,0
65,3,3,0.033203108791366565,0.07857849715502074,0.39692327620159606,0
65,4,4,0.5675408482615582,0.6894649691372657,0.8005866991090829,0
65,5,5,0.16748258225906976,0.10456784033440025,0.6364302495436367,0
66,1,1,0.03158614482564204,0.9362122462436898,0.05197128365147241,0
66,2,2,0.7090605194509164,0.8709691237460856,0.7140869321324278,1
66,3,3,0.33945019254280606,0.8148251137465122,0.08011484638467514,1
66,4,4,0.5475923761537362,0.8172977699624937,0.45231828451830014,0
66,5,5,0.5264026609361132,0.7315895217553319,0.08162998203058958,0
67,1,1,0.24710323401014644,0.15954468011318834,0.8717835665922017,0
67,2,2,0.9758652558191313,0.33689579177110685,0.18211791568869928,1
67,3,3,0.6587077755008761,0.498195716453139,0.5553635509376312,0
67,4,4,0.22845474133129873,0.9963339160567419,0.9747931621467831,0
67,5,5,0.19954245092914513,0.6802282424312913,0.07219840897917584,0
68,1,1,0.2576828885112137,0.4626229567393163,0.8682725054083805,1
68,2,2,0.742706521199981,0.42549333444807536,0.3459349925469629,0
68,3,3,0.9876495637360578,0.04010919141248248,0.8670314961224486,0
68,4,4,0.43861541918959046,0.7252576604151365,0.48666894142470285,1
68,5,5,0.9007018640112585,0.4217209268734554,0.2768277972350516,0
69,1,1,0.912363345616691,0.21066218900566658,0.6229665835634828,1
69,2,2,0.733113022415281,0.1315676851272598,0.7158249646820886,1
69,3,3,0.17968310887024197,0.23754332492387764,0.9713950940416396,0
69,4,4,0.8543850933695791,0.4922778564480348,0.24723107440317704,1
69,5,5,0.4453052550026655,0.5148173539296902,0.3592333693997657,0
70,1,1,0.16352387258502277,0.3910815366517607,0.9694123223352875,0
70,2,2,0.6567366645412922,0.3251900642246949,0.7734731256866006,0
70,3,3,0.9698210450785447,0.45378954138363925,0.23605046334646396,0
70,4,4,0.16975790508754074,0.5197739485560177,0.3370031764312863,0
70,5,5,0.43088752366180594,0.2487142725876299,0.61714498660403,0
71,1,1,0.16704190790094986,0.16761921628831766,0.03667142693354297,0
71,2,2,0.6638045276218051,0.4746308757498139,0.8441704489691971,1
71,3,3,0.5853543643967521,0.8682712805132586,0.20584121003676825,0
71,4,4,0.2697496115169896,0.05708685608931485,0.531169528001032,1
71,5,5,0.03934354066850965,0.1221099140100268,0.4521990282834353,0
72,1,1,0.3161561049767505,0.5072348086883924,0.0415728590503921,0
72,2,2,0.9866301229588469,0.9651186964360455,0.004939980934409616,1
72,3,3,0.6391199378155004,0.8679182945200221,0.4547398556338591,0
72,4,4,0.4888465802569202,0.6668642575461043,0.1396512547563129,0
72,5,5,0.3079299415911909,0.7046807627366467,0.20185345212294836,0
73,1,1,0.9699120461072704,0.09390071578941839,0.6726021182251263,1
73,2,2,0.8681422543775054,0.1771497894473859,0.6926259522261645,1
73,3,3,0.9446142194740232,0.6832480282896458,0.4971747640084273,0
73,4,4,0.8689049844787182,0.5706097466388297,0.03038705969683686,1
73,5,5,0.6895267510315611,0.6765133857772465,0.21567515239771717,0
74,1,1,0.3938644056541585,0.6512329770414921,0.10659303030799072,1
74,2,2,0.9994137257706666,0.04821203886055603,0.9771741842213173,0
74,3,3,0.8707534503372591,0.7823854840582735,0.5670162609866678,0
74,4,4,0.8785155613013479,0.404140321651033,0.3270331615632387,0
74,5,5,0.8078459419412586,0.7622851347766157,0.7978136488586345,0
75,1,1,0.8178342161750216,0.12020905537060844,0.5444890979608495,1
75,2,2,0.3245858299002703,0.3664615348713979,0.3961726916092554,0
75,3,3,0.38855810127034573,0.44869362262253065,0.23754413087432746,0
75,4,4,0.22726962726315147,0.07319592376844364,0.6034485933813779,0
75,5,5,0.6194903460096145,0.46349404380057235,0.3797857801792298,0
76,1,1,0.519081785136218,0.47918187762973097,0.025642065806435688,0
76,2,2,0.38019561878585706,0.3988227808969005,0.5801723692273323,0
76,3,3,0.6079050927934446,0.7648832615421283,0.8129857387160935,0
76,4,4,0.9555236959549347,0.01823258267636163,0.1957779856835461,0
76,5,5,0.647474714154603,0.8980305489499869,0.24348229657629927,1
77,1,1,0.06026739028956085,0.9344360268055143,0.3516226872396344,0
77,2,2,0.48587175918632564,0.25677656772050794,0.28487290196192283,0
77,3,3,0.8030258978326634,0.5391612766752545,0.31130769915600365,0
77,4,4,0.7161506742231936,0.27262400073353377,0.4135491015253515,0
77,5,5,0.18114934953468032,0.6811178539649828,0.18143834769562694,0
78,1,1,0.7090462617224327,0.10687692309474384,0.5673122196289035,1
78,2,2,0.9629268752375798,0.4835456467199247,0.8059925497751581,0
78,3,3,0.043412532854819164,0.6331513755940223,0.951403342206657,0
78,4,4,0.8191888594267902,0.8842064633484078,0.22807977194893247,0
78,5,5,0.6109809888509917,0.4110284698067047,0.8398613028667203,1
79,1,1,0.3534213793027181,0.23687055897448206,0.7805255152438618,0
79,2,2,0.8226143185136784,0.42373825364876283,0.6675498992914705,0
79,3,3,0.623859324676573,0.4517676787372291,0.5866084631754741,0
79,4,4,0.7368737449441821,0.8627970775432285,0.21673980009077565,0
79,5,5,0.023638586046336396,0.641971500443266,0.6070940360887808,0
80,1,1,0.23194709611597542,0.39090599590551467,0.594476335186173,0
80,2,2,0.9877855202148873,0.13643975255673313,0.6951445540475938,0
80,3,3,0.42819961492561476,0.7175977656581762,0.6924361513243696,1
80,4,4,0.12839428945412523,0.10410964938416634,0.7243388171287412,0
80,5,5,0.27416066655980587,0.0794193689889866,0.08565824959643054,0
81,1,1,0.1918673247187429,0.32337156211552076,0.22665640222698802,0
81,2,2,0.06942384274609337,0.5190597909082704,0.0676125635922149,0
81,3,3,0.23371208191043302,0.5400119146045106,0.8800790875614583,0
81,4,4,0.5329577865513353,0.3243337531153756,0.33300191305819793,0
81,5,5,0.9941393612211675,0.6618391898493786,0.5577834173700249,0
82,1,1,0.46520561228371815,0.060142342600785215,0.5622968158779098,1
82,2,2,0.17530294235765964,0.6900048908206657,0.20093368865905648,0
82,3,3,0.09667644964671962,0.45037093625818514,0.7561633288952461,0
82,4,4,0.664911724487218,0.7954499607897292,0.9271778194794527,0
82,5,5,0.39931591580930814,0.15241601333041743,0.9924835021583752,1
83,1,1,0.5399571302805596,0.8420332943764213,0.5209579772720422,0
83,2,2,0.08912443211601662,0.7552704204968079,0.12771348363523483,0
83,3,3,0.7820280876703859,0.7087446977429764,0.036160380524762115,0
83,4,4,0.26311256991084286,0.3601364074715191,0.08764274676383854,0
83,5,5,0.5538022407123763,0.30552431065802355,0.3969815170742834,0
84,1,1,0.6005943333606173,0.5156794276964978,0.9193919732144173,1
84,2,2,0.9921580148233127,0.8514249577450957,0.2085105143573358,1
84,3,3,0.11636639788547609,0.8174497084911916,0.3806232934765801,0
84,4,4,0.8680566901074503,0.8059254001176211,0.7900304363070614,0
84,5,5,0.08091928305125218,0.40298017876516146,0.17352451498650867,0
85,1,1,0.34609972653778553,0.9756102008599149,0.640972077345332,0
85,2,2,0.13252467274184843,0.8620144822726226,0.9227571905133943,0
85,3,3,0.6062529377509774,0.7648098009029954,0.17483862726041255,0
85,4,4,0.3986630277723131,0.1463739921622491,0.36753442229153144,0
85,5,5,0.025811906949486985,0.13516628915482276,0.9631151115891738,0
86,1,1,0.96582216115322,0.432497878330132,0.3118161330852596,1
86,2,2,0.4395116886329101,0.10566468426174391,0.6408263146902062,0
86,3,3,0.6195879548978296,0.6502010923981534,0.1520248531286481,0
86,4,4,0.7807615860684398,0.4598004237693202,0.05816379550547579,1
86,5,5,0.05778056099636664,0.6950352288585532,0.9836789252634136,0
87,1,1,0.14224936868719618,0.1213849394224289,0.30327514756759555,0
87,2,2,0.6921613416941319,0.06229179813006269,0.5094221281497897,1
87,3,3,0.8139702695060188,0.6152194382310109,0.30625362078661167,0
87,4,4,0.5270414639116516,0.4260833838903715,0.13071037674019947,0
87,5,5,0.4497846488213225,0.19462251182076507,0.3677593508772896,0
88,1,1,0.8275378955668743,0.733614380561402,0.7693048936413398,1
88,2,2,0.4161539981797615,0.4813441516353236,0.019192276823056686,0
88,3,3,0.760289823122135,0.13710970572899905,0.5353101314525917,0
88,4,4,0.012120774643893273,0.24120145759954148,0.9758737549100538,0
88,5,5,0.9595766443210334,0.48785404392636245,0.1097361986775035,0
89,1,1,0.4543773345599609,0.844357082739616,0.09808258078424459,0
89,2,2,0.15004866469398426,0.32467592689006,0.7373570773877997,0
89,3,3,0.37588828514576933,0.3944762785700353,0.45944676840598664,0
89,4,4,0.8920846889402344,0.9553346865039283,0.7869033862552951,0
89,5,5,0.6881347060865421,0.4376031240553919,0.2546706220460512,0
90,1,1,0.038426348962324997,0.9017619921354235,0.46147746462473416,0
90,2,2,0.6593539222057827,0.8951177407065364,0.6366696821672073,0
90,3,3,0.06665204056068996,0.5184080219452041,0.15016900081704165,0
90,4,4,0.5122219208126745,0.6802277792083533,0.041672900602384266,0
90,5,5,0.7163233880626823,0.07208433599867337,0.0712567277652586,0
91,1,1,0.9565013982994801,0.737508359459007,0.35325140850206416,1
91,2,2,0.34970322974584955,0.7746535311811819,0.6613706110704144,0
91,3,3,0.17410933533408435,0.09839564971339732,0.6603027197013381,0
91,4,4,0.265046428325004,0.020944961030912812,0.08217166747642735,1
91,5,5,0.29544477747742026,0.7692231478381336,0.6246635688542638,0
92,1,1,0.2056872621955551,0.12138641815940643,0.6150129680388666,1
92,2,2,0.6439042535411307,0.5303021332491583,0.041951223431636264,1
92,3,3,0.7987141916545746,0.29282203670096474,0.9799703293588506,0
92,4,4,0.5824226582072465,0.7480731794295321,0.8117697880901376,0
92,5,5,0.12809574636620003,0.3382675059944984,0.9280836403260497,0
93,1,1,0.3721670238375133,0.432076882944196,0.4394049896944522,1
93,2,2,0.9430758377447076,0.24069271183250496,0.12150137630091806,0
93,3,3,0.8869249002092695,0.645810812655206,0.28590678923916013,1
93,4,4,0.861369996363436,0.846514338690278,0.9189265336395545,0
93,5,5,0.7550419287462783,0.46053949727414,0.8419985528900615,0
94,1,1,0.7764474464997246,0.6561618376810715,0.17742876946970687,1
94,2,2,0.9846697395245082,0.9373880664971189,0.04317373579701167,0
94,3,3,0.1317287734545619,0.7259799099852955,0.8177853298569451,0
94,4,4,0.505852692951829,0.8407030280112,0.7328015447662506,0
94,5,5,0.5903476904587729,0.50836054691628,0.2975484513188206,0
95,1,1,0.6888853020500907,0.8733229158608077,0.6362913539792481,0
95,2,2,0.160071634954573,0.4615574744197899,0.009331619827093296,0
95,3,3,0.7264617151130048,0.9918099513493635,0.0991780995872159,0
95,4,4,0.8000709686991595,0.20403563462889884,0.5550849493022862,0
95,5,5,0.615985450260179,0.18802473461541613,0.3553845686857394,0
96,1,1,0.5542265141320166,0.005229613542912737,0.7609907600280938,1
96,2,2,0.7457337827312321,0.2024805601652374,0.9580734801193802,0
96,3,3,0.3269316163380791,0.14888805033244468,0.3056042154902149,0
96,4,4,0.9963343376272473,0.36830953050684834,0.44861063095454257,0
96,5,5,0.8861957804650745,0.5930443341867842,0.39152569817782934,0
97,1,1,0.6956181464968069,0.0032182636042786816,0.6195893374598407,1
97,2,2,0.7941973312770843,0.09299063982313216,0.5882022669483905,0
97,3,3,0.6423255259052274,0.06485359448296835,0.5799837874281313,0
97,4,4,0.5606600944161709,0.6034876665964548,0.6764679372263622,0
97,5,5,0.26982072012821434,0.8250494101800621,0.4982556822634536,0
98,1,1,0.0585509292439792,0.3342383186960608,0.7848969771114676,1
98,2,2,0.7886149646724064,0.5172690564416094,0.44019899795549056,0
98,3,3,0.32819275360931155,0.43401936617387527,0.08860042967961723,0
98,4,4,0.5982252940637388,0.7356631142391898,0.9983475113929496,1
98,5,5,0.6425651995351915,0.421248053294072,0.6361773647082327,0
99,1,1,0.11833619092338732,0.40990488969628824,0.8398022856356172,0
99,2,2,0.5718722712271865,0.5877693608621982,0.18447625313363936,0
99,3,3,0.33451128874193214,0.026196708532064794,0.024191763891355245,0
99,4,4,0.2730708099728124,0.5180787662388154,0.29872557358877305,1
99,5,5,0.25929675886577375,0.4296568127389351,0.8727302504846018,0
100,1,1,0.18610141784627732,0.8026433097957104,0.45818688673789265,0
100,2,2,0.13347997241594378,0.08060151375712465,0.7279393069737652,0
100,3,3,0.43685070261517955,0.7295082286523967,0.7655128989911097,0
100,4,4,0.6102251494776413,0.13535408227768553,0.7513750860290457,0
100,5,5,0.956614621083458,0.06895801635642118,0.05705472115125432,0
