query_id,item_id,position,relevance_feature,distance_score,rating_score,clicked,propensity,ipw_weight
1,1,1,0.3745401188473625,0.9507143064099162,0.7319939418114051,0,1.0,1.0
1,2,2,0.1560186404424365,0.1559945203362026,0.0580836121681994,0,0.5,2.0
1,3,3,0.6011150117432088,0.7080725777960455,0.0205844942958024,1,0.3333333333333333,3.0
1,4,4,0.8324426408004217,0.2123391106782761,0.1818249672071006,0,0.25,4.0
1,5,5,0.3042422429595377,0.5247564316322378,0.4319450186421157,0,0.2,5.0
2,1,1,0.6118528947223795,0.1394938606520418,0.2921446485352181,0,1.0,1.0
2,2,2,0.4560699842170359,0.7851759613930136,0.1996737821583597,0,0.5,2.0
2,3,3,0.5924145688620425,0.0464504127199977,0.6075448519014384,0,0.3333333333333333,3.0
2,4,4,0.0650515929852795,0.9488855372533332,0.9656320330745594,0,0.25,4.0
2,5,5,0.3046137691733707,0.0976721140063838,0.6842330265121569,0,0.2,5.0
3,1,1,0.1220382348447788,0.4951769101112702,0.0343885211152183,1,1.0,1.0
3,2,2,0.2587799816000169,0.662522284353982,0.3117110760894109,0,0.5,2.0
3,3,3,0.5467102793432796,0.184854455525527,0.9695846277645586,0,0.3333333333333333,3.0
3,4,4,0.9394989415641892,0.8948273504276488,0.5978999788110851,1,0.25,4.0
3,5,5,0.0884925020519195,0.1959828624191452,0.045227288910538,0,0.2,5.0
4,1,1,0.388677289689482,0.2713490317738959,0.8287375091519293,0,1.0,1.0
4,2,2,0.2809345096873807,0.5426960831582485,0.1409242249747626,0,0.5,2.0
4,3,3,0.0745506436797708,0.9868869366005172,0.7722447692966574,0,0.3333333333333333,3.0
4,4,4,0.0055221171236023,0.8154614284548342,0.7068573438476171,0,0.25,4.0
4,5,5,0.7712703466859457,0.0740446517340903,0.3584657285442726,0,0.2,5.0
5,1,1,0.8631034258755935,0.6232981268275579,0.3308980248526492,1,1.0,1.0
5,2,2,0.3109823217156622,0.325183322026747,0.7296061783380641,0,0.5,2.0
5,3,3,0.8872127425763265,0.4722149251619493,0.1195942459383017,0,0.3333333333333333,3.0
5,4,4,0.7607850486168974,0.5612771975694962,0.770967179954561,0,0.25,4.0
5,5,5,0.5227328293819941,0.4275410183585496,0.0254191267440951,0,0.2,5.0
6,1,1,0.0314291856867342,0.6364104112637804,0.3143559810763267,0,1.0,1.0
6,2,2,0.907566473926093,0.2492922291488749,0.4103829230356297,1,0.5,2.0
6,3,3,0.2287981654916224,0.0769799098287929,0.289751452913768,0,0.3333333333333333,3.0
6,4,4,0.9296976523425732,0.808120379564417,0.6334037565104235,1,0.25,4.0
6,5,5,0.8036720768991145,0.1865700588860358,0.8925589984899778,0,0.2,5.0
7,1,1,0.8074401551640625,0.8960912999234932,0.3180034749718639,1,1.0,1.0
7,2,2,0.2279351625419416,0.4271077886262563,0.8180147659224931,1,0.5,2.0
7,3,3,0.0069521305311907,0.5107473025775657,0.417411003148779,0,0.3333333333333333,3.0
7,4,4,0.1198653673336828,0.3376151714036279,0.9429097039125192,0,0.25,4.0
7,5,5,0.5187906217433661,0.7030189588951778,0.363629602379294,1,0.2,5.0
8,1,1,0.9624472949421112,0.2517822958253641,0.4972485058923854,1,1.0,1.0
8,2,2,0.2848404943774676,0.0368869473545327,0.6095643339798968,0,0.5,2.0
8,3,3,0.0514787512499893,0.2786464642366114,0.9082658859666536,0,0.3333333333333333,3.0
8,4,4,0.1448948720912231,0.489452760277563,0.9856504541106008,0,0.25,4.0
8,5,5,0.6721355474058786,0.7616196153287176,0.2376375439923996,0,0.2,5.0
9,1,1,0.3677831327192532,0.6323058305935795,0.6335297107608947,0,1.0,1.0
9,2,2,0.0902897700544083,0.835302495589238,0.3207800649717358,0,0.5,2.0
9,3,3,0.0407751415547639,0.5908929431882418,0.6775643618422824,0,0.3333333333333333,3.0
9,4,4,0.512093058299281,0.2264957751979379,0.6451727904094499,0,0.25,4.0
9,5,5,0.690937738102466,0.3867353463005374,0.9367299887367344,0,0.2,5.0
10,1,1,0.3410663510502585,0.113473521240589,0.9246936182785628,1,1.0,1.0
10,2,2,0.2579416277151556,0.659984046034179,0.8172222002012158,0,0.5,2.0
10,3,3,0.5296505783560065,0.2418522909004516,0.0931027678058992,1,0.3333333333333333,3.0
10,4,4,0.9004180571633305,0.6331014572732679,0.3390297910487007,0,0.25,4.0
10,5,5,0.7259556788702394,0.8971102599525771,0.8870864242651173,0,0.2,5.0
11,1,1,0.6420316461542878,0.0841399649950488,0.1616287140946137,1,1.0,1.0
11,2,2,0.6064290596595899,0.0091970516166296,0.1014715428660321,0,0.5,2.0
11,3,3,0.0050615838462186,0.1608080514174986,0.5487337893665861,0,0.3333333333333333,3.0
11,4,4,0.6519612595026005,0.2242693094605597,0.7121792213475359,0,0.25,4.0
11,5,5,0.3253996981592677,0.7464914051180241,0.6496328990472147,0,0.2,5.0
12,1,1,0.6576128923003434,0.5683086033354716,0.0936747678280924,0,1.0,1.0
12,2,2,0.2652023676817254,0.2439896433790835,0.9730105547524456,0,0.5,2.0
12,3,3,0.8920465551771133,0.6311386259972629,0.7948113035416484,0,0.3333333333333333,3.0
12,4,4,0.5769038846263591,0.4925176938188639,0.1952429877980445,0,0.25,4.0
12,5,5,0.2807723624408558,0.0243159664314538,0.6454722959071678,0,0.2,5.0
13,1,1,0.9404585843529144,0.9539285770025874,0.9148643902204484,1,1.0,1.0
13,2,2,0.0154566165288674,0.9283185625877254,0.4281841483173143,1,0.5,2.0
13,3,3,0.9636199770892528,0.8530094554673601,0.2944488920695857,0,0.3333333333333333,3.0
13,4,4,0.8511366715168569,0.3169220051562776,0.1694927466860925,0,0.25,4.0
13,5,5,0.936154774160781,0.696029796674973,0.570061170089365,0,0.2,5.0
14,1,1,0.6150072266991697,0.9900538501042632,0.140084015236524,1,1.0,1.0
14,2,2,0.8773730719279554,0.7407686177542044,0.697015740995268,1,0.5,2.0
14,3,3,0.3594911512197551,0.2935918442644933,0.8093611554785136,0,0.3333333333333333,3.0
14,4,4,0.8670723185801037,0.9132405525564712,0.5113423988609378,0,0.25,4.0
14,5,5,0.7982951789667752,0.6499639307777652,0.7019668772577033,0,0.2,5.0
15,1,1,0.8900053418175663,0.3379951568515358,0.375582952639944,1,1.0,1.0
15,2,2,0.578280140996174,0.035942273796742,0.4655980181324601,0,0.5,2.0
15,3,3,0.2865412521282844,0.5908332605690108,0.0305002499390494,0,0.3333333333333333,3.0
15,4,4,0.8226005606596583,0.3601906414112629,0.1270605126518847,0,0.25,4.0
15,5,5,0.7699935530986108,0.2158210274968431,0.6228904758190003,0,0.2,5.0
16,1,1,0.0516817211686077,0.531354631568148,0.5406351216101065,0,1.0,1.0
16,2,2,0.7260913337226615,0.9758520794625346,0.5163003483011953,0,0.5,2.0
16,3,3,0.7951861947687037,0.2708322512620742,0.4389714207056361,0,0.3333333333333333,3.0
16,4,4,0.0253507434154575,0.9626484146779252,0.8359801205122058,0,0.25,4.0
16,5,5,0.4089529444142699,0.1732943200708457,0.156437042671086,0,0.2,5.0
17,1,1,0.5492266647061205,0.7145959227000623,0.6601973767177313,1,1.0,1.0
17,2,2,0.954865280663194,0.7378969166957685,0.5543540525114007,1,0.5,2.0
17,3,3,0.4196000624277899,0.2477309895011574,0.3559726786512616,0,0.3333333333333333,3.0
17,4,4,0.0143934886297558,0.1160726405069162,0.0460026420217527,0,0.25,4.0
17,5,5,0.8554605840110072,0.7036578593800237,0.4741738290873252,0,0.2,5.0
18,1,1,0.4916158751168323,0.4734717707805657,0.1732018699100151,0,1.0,1.0
18,2,2,0.3985047343973734,0.6158500980522165,0.6350936508676438,0,0.5,2.0
18,3,3,0.3746126146264712,0.6258599157142364,0.5031362585800877,1,0.3333333333333333,3.0
18,4,4,0.658693631618945,0.1629344270814297,0.0705687474004298,0,0.25,4.0
18,5,5,0.0265113105416218,0.5857755812734633,0.9402302414249576,0,0.2,5.0
19,1,1,0.3881699262065219,0.6432882184423532,0.4582528904915166,1,1.0,1.0
19,2,2,0.9414648087765252,0.3861026378007742,0.9611905638239142,1,0.5,2.0
19,3,3,0.1957911347892964,0.0693613008751654,0.1007780013774266,0,0.3333333333333333,3.0
19,4,4,0.0944429607559284,0.6830067734163568,0.0711886484602289,0,0.25,4.0
19,5,5,0.8448753109694546,0.0232719357358258,0.8144684825889358,0,0.2,5.0
20,1,1,0.1181648276216562,0.6967371653641506,0.628942846779884,1,1.0,1.0
20,2,2,0.7350710438038858,0.8034809303848486,0.2820345725713065,0,0.5,2.0
20,3,3,0.7506147516408583,0.806834739267264,0.9905051420006732,0,0.3333333333333333,3.0
20,4,4,0.3720180857927831,0.7764129607419968,0.3408035402530178,1,0.25,4.0
20,5,5,0.8584127518430118,0.4289940273750183,0.7508710677914974,0,0.2,5.0
21,1,1,0.1031238688359326,0.9025529066795668,0.5052523724478571,1,1.0,1.0
21,2,2,0.3200496010306117,0.8955232284962005,0.3892016787341631,0,0.5,2.0
21,3,3,0.9053819764192635,0.0912866767861335,0.3193136375904148,1,0.3333333333333333,3.0
21,4,4,0.950607146937556,0.5734378881232861,0.6318372121697993,0,0.25,4.0
21,5,5,0.2932107716980645,0.3286645453699159,0.6725184560770384,0,0.2,5.0
22,1,1,0.7915790437258485,0.7896181427945539,0.0912061030486903,1,1.0,1.0
22,2,2,0.0575587600166442,0.5495288823237355,0.441530501373377,1,0.5,2.0
22,3,3,0.3509150125520787,0.1170670164276058,0.1429916820528358,0,0.3333333333333333,3.0
22,4,4,0.6182180633162611,0.1011226761227902,0.0841068061149974,0,0.25,4.0
22,5,5,0.0727630063641935,0.8218600592903562,0.7062422271564962,0,0.2,5.0
23,1,1,0.0848377140851919,0.9866395785011756,0.3742707957561203,0,1.0,1.0
23,2,2,0.8127995672575026,0.9472485773838588,0.9860010638228708,1,0.5,2.0
23,3,3,0.3762595855309157,0.0835007166986687,0.7771469159274368,0,0.3333333333333333,3.0
23,4,4,0.4242220092469763,0.906354385094736,0.1111974823061513,0,0.25,4.0
23,5,5,0.011353644767419,0.4686606419941262,0.0563032756818373,0,0.2,5.0
24,1,1,0.1175262467771048,0.6492103021160636,0.7460448792654233,0,1.0,1.0
24,2,2,0.962172548474542,0.374870579523704,0.2857120862818607,1,0.5,2.0
24,3,3,0.2235958385194526,0.9632225394406112,0.0121544746898163,1,0.3333333333333333,3.0
24,4,4,0.0431599119505761,0.8911431136980711,0.5277011090862999,1,0.25,4.0
24,5,5,0.0737965647353988,0.5538542844013208,0.969302535619099,0,0.2,5.0
25,1,1,0.6293986381352625,0.6957486889846172,0.4545410647677732,0,1.0,1.0
25,2,2,0.5843143119231002,0.901158010490989,0.0454463803414578,0,0.5,2.0
25,3,3,0.9504114840765588,0.8902637838909163,0.4556567527857129,0,0.3333333333333333,3.0
25,4,4,0.2773811829811327,0.1881211597237613,0.4636984049399821,0,0.25,4.0
25,5,5,0.5836561118508721,0.0777346369649848,0.9743948076661664,1,0.2,5.0
26,1,1,0.6981617140197451,0.5360963663441204,0.3095276162863277,0,1.0,1.0
26,2,2,0.6847311725538793,0.1626169393448913,0.9109271844938424,1,0.5,2.0
26,3,3,0.949799913291924,0.72571950838836,0.6134151959357899,0,0.3333333333333333,3.0
26,4,4,0.9327284833540131,0.8660638895004084,0.0452186701061894,0,0.25,4.0
26,5,5,0.3764633668780496,0.8105533307818329,0.9872761293149444,0,0.2,5.0
27,1,1,0.5941307153521351,0.3808908566310215,0.9699143978146032,0,1.0,1.0
27,2,2,0.8383287047111379,0.4686931597949703,0.4148195023376652,0,0.5,2.0
27,3,3,0.0563754966509271,0.8647223762550532,0.8129010091300776,1,0.3333333333333333,3.0
27,4,4,0.9966368370739054,0.5554317056026274,0.7689874151805105,1,0.25,4.0
27,5,5,0.8496473906774115,0.2473481017431976,0.4505441353100935,0,0.2,5.0
28,1,1,0.9540510272587224,0.60617463445088,0.2286428055034627,0,1.0,1.0
28,2,2,0.6181282404578958,0.3581627180328405,0.113557592199629,0,0.5,2.0
28,3,3,0.5203077009037933,0.7723183917356393,0.5201635011119934,1,0.3333333333333333,3.0
28,4,4,0.5519068387744855,0.5609379715353863,0.876653602658345,0,0.25,4.0
28,5,5,0.1340152284506407,0.0287826763133389,0.755137255673619,0,0.2,5.0
29,1,1,0.7040797680992236,0.2129641615089107,0.1363714755867697,0,1.0,1.0
29,2,2,0.350587558806597,0.5899176868546331,0.3922440450997323,0,0.5,2.0
29,3,3,0.9041586944937484,0.3482554670233003,0.5139894891598108,1,0.3333333333333333,3.0
29,4,4,0.3965427823212701,0.6220867002278735,0.8623637087467452,1,0.25,4.0
29,5,5,0.1470734809290379,0.9265876251614944,0.4921162930795382,0,0.2,5.0
30,1,1,0.4591357562382613,0.980032575285477,0.4926180939928696,1,1.0,1.0
30,2,2,0.6334008543167258,0.240145618778193,0.0758633281086639,0,0.5,2.0
30,3,3,0.1280458389577724,0.1519026935122943,0.1388271726494101,0,0.3333333333333333,3.0
30,4,4,0.1818800843991448,0.3456672833238632,0.8967884099060118,0,0.25,4.0
30,5,5,0.6675577385210272,0.1723198712016298,0.1922890188086707,0,0.2,5.0
31,1,1,0.1689350630721645,0.2785903390319586,0.1770104842767468,0,1.0,1.0
31,2,2,0.1206358711006008,0.4607787680327257,0.2063337184057925,0,0.5,2.0
31,3,3,0.5034172708548569,0.6903948286293653,0.0393121398410989,0,0.3333333333333333,3.0
31,4,4,0.6279003894909078,0.0817590319488719,0.8735786241067772,1,0.25,4.0
31,5,5,0.0610779598548637,0.2768776481472037,0.8062012797930613,0,0.2,5.0
32,1,1,0.1845210193563773,0.2093493233367103,0.370472102791382,0,1.0,1.0
32,2,2,0.618254771530296,0.3689136395697724,0.4625347161331479,1,0.5,2.0
32,3,3,0.0366832028905979,0.2524369443440207,0.7133495858845524,0,0.3333333333333333,3.0
32,4,4,0.5116774421156661,0.5321134852653157,0.107172011339776,0,0.25,4.0
32,5,5,0.5326172664550232,0.2424705036347296,0.2692432309493809,0,0.2,5.0
33,1,1,0.0200711977777263,0.3220791655831783,0.2114480069965446,0,1.0,1.0
33,2,2,0.1197621318192512,0.890527280739895,0.5935924535540487,0,0.5,2.0
33,3,3,0.7891712386073383,0.4984421989290573,0.0869202880874236,0,0.3333333333333333,3.0
33,4,4,0.5868411180208791,0.74543947418433,0.4316595462296794,0,0.25,4.0
33,5,5,0.2837759057987244,0.3630822963986351,0.6459172413316012,0,0.2,5.0
34,1,1,0.3560967258978462,0.9865152487929796,0.6057748193568872,1,1.0,1.0
34,2,2,0.1017824726204037,0.152859139184332,0.2459577283845081,0,0.5,2.0
34,3,3,0.1865670240513057,0.2850951686938471,0.1733735952947548,0,0.3333333333333333,3.0
34,4,4,0.0802337456616422,0.5245113895702547,0.4103968269896615,1,0.25,4.0
34,5,5,0.1120389021680523,0.3978555990457416,0.9694704332753687,0,0.2,5.0
35,1,1,0.8170720709492799,0.2579028270449398,0.1708875873900658,0,1.0,1.0
35,2,2,0.9293759891275858,0.5567628930139298,0.5716126894698998,0,0.5,2.0
35,3,3,0.7694929331919369,0.1870437485575233,0.3236792364042437,0,0.3333333333333333,3.0
35,4,4,0.507610378684455,0.2424097324150802,0.1148368247392035,0,0.25,4.0
35,5,5,0.2886305532402557,0.5812382214226123,0.1543627152742023,0,0.2,5.0
36,1,1,0.5325894325515859,0.0518235368224269,0.3366042781939206,0,1.0,1.0
36,2,2,0.0633749704727677,0.9899602323899452,0.3223538449747229,0,0.5,2.0
36,3,3,0.2546406547637638,0.6815027222239293,0.7602278598896866,0,0.3333333333333333,3.0
36,4,4,0.4715761885501583,0.4118409141472685,0.3488682665429953,1,0.25,4.0
36,5,5,0.8306194077877291,0.9650269106665126,0.1242972234855447,0,0.2,5.0
37,1,1,0.9383404568210378,0.1812330661656601,0.0664962673667775,0,1.0,1.0
37,2,2,0.5744731131799119,0.8418287767582721,0.1397723766262895,1,0.5,2.0
37,3,3,0.2016273200477445,0.1636559428657045,0.1642657979309929,0,0.3333333333333333,3.0
37,4,4,0.6651972206962001,0.5230654247691193,0.3588304841235025,1,0.25,4.0
37,5,5,0.3924451074226354,0.8165994394715771,0.4391349085702184,0,0.2,5.0
38,1,1,0.4626797856696064,0.3013778741641421,0.7476093801762511,1,1.0,1.0
38,2,2,0.2322126951468173,0.8995745732745685,0.3838912213732114,0,0.5,2.0
38,3,3,0.9064721109645468,0.6242379959139921,0.116898040708364,1,0.3333333333333333,3.0
38,4,4,0.6277080530714179,0.3349056146570861,0.1392720726633872,0,0.25,4.0
38,5,5,0.6200727559285135,0.5334610919763215,0.8938925830509576,0,0.2,5.0
39,1,1,0.1516748797327511,0.3117220677955482,0.2484891398144657,0,1.0,1.0
39,2,2,0.0335324347357793,0.5698896848713165,0.7624586857406905,1,0.5,2.0
39,3,3,0.3420817487159074,0.8212573046720129,0.1106317369552072,0,0.3333333333333333,3.0
39,4,4,0.1274886623319824,0.3972872905603672,0.7972953657795536,0,0.25,4.0
39,5,5,0.2292513952326414,0.7222525683930663,0.7200365365460744,0,0.2,5.0
40,1,1,0.6939484444671,0.5427244433475962,0.2517990589069527,1,1.0,1.0
40,2,2,0.1815977168014256,0.9084505613336284,0.5833917947661205,0,0.5,2.0
40,3,3,0.4620058036441327,0.9472833396118152,0.1533514031160802,0,0.3333333333333333,3.0
40,4,4,0.505888678884466,0.6114542354346478,0.0181101838208405,0,0.25,4.0
40,5,5,0.9321182824836124,0.5651331835892089,0.6966508238768923,1,0.2,5.0
41,1,1,0.7072386343133986,0.1525390429142613,0.5762883601668132,0,1.0,1.0
41,2,2,0.424130671302386,0.7364442356247228,0.9343670147690148,1,0.5,2.0
41,3,3,0.4508393714041321,0.1132380458407552,0.9848411989623346,1,0.3333333333333333,3.0
41,4,4,0.1246626812032668,0.9208418826173724,0.8698963620621283,0,0.25,4.0
41,5,5,0.5912754357449292,0.3990027038701302,0.0547616388220313,0,0.2,5.0
42,1,1,0.8028534485980114,0.0046320230046028,0.3334991716911442,1,1.0,1.0
42,2,2,0.5373956029379229,0.9198556164127604,0.3463459943659612,0,0.5,2.0
42,3,3,0.7375012481097484,0.4522179408898071,0.2246048229399819,0,0.3333333333333333,3.0
42,4,4,0.1408570203797998,0.1763869865062233,0.4983677727394797,0,0.25,4.0
42,5,5,0.9148459010681,0.3623938991166331,0.5805883502780435,0,0.2,5.0
43,1,1,0.0130944565883336,0.6635373720167106,0.1780359668697514,1,1.0,1.0
43,2,2,0.1486627277531129,0.4146241237270237,0.0853496680786438,1,0.5,2.0
43,3,3,0.5021950103312426,0.5953850173200438,0.0670764773884274,0,0.3333333333333333,3.0
43,4,4,0.2099055930955857,0.8980542894407137,0.2051396404820071,0,0.25,4.0
43,5,5,0.0365496678480948,0.4720669451099992,0.5648411332626164,0,0.2,5.0
44,1,1,0.7755276166950106,0.4532888347480276,0.52439026932758,1,1.0,1.0
44,2,2,0.400763060875326,0.5596403313082179,0.1552402459307125,0,0.5,2.0
44,3,3,0.8617856210135173,0.9461154621336328,0.3733093162797529,0,0.3333333333333333,3.0
44,4,4,0.6439995432390158,0.4087341710980964,0.0253863556603448,0,0.25,4.0
44,5,5,0.7159722288473975,0.6589239419101514,0.0270959925034834,0,0.2,5.0
45,1,1,0.2310747965880714,0.6718927435987284,0.0197105377543641,0,1.0,1.0
45,2,2,0.7999160853731894,0.1785446620543336,0.6527461078518747,0,0.5,2.0
45,3,3,0.0994413927593451,0.243172190999454,0.7222669318556592,0,0.3333333333333333,3.0
45,4,4,0.8302198645669916,0.3971835296184548,0.6680851365706462,0,0.25,4.0
45,5,5,0.2931477302610132,0.8963358185211198,0.013001923510736,0,0.2,5.0
46,1,1,0.2078862551460273,0.0265322038738197,0.1814354350897973,0,1.0,1.0
46,2,2,0.4214245505924979,0.8926717110769748,0.8174435617384409,0,0.5,2.0
46,3,3,0.2594234334312925,0.3796924081672669,0.5902949425148077,0,0.3333333333333333,3.0
46,4,4,0.624148907849134,0.4094116521912404,0.5520471808519802,0,0.25,4.0
46,5,5,0.2944657595419176,0.9484533069621568,0.7636057941597608,0,0.2,5.0
47,1,1,0.8684679758979128,0.4874311982495136,0.8945522268940914,1,1.0,1.0
47,2,2,0.4252135044692334,0.0224693083201173,0.2686773593849461,0,0.5,2.0
47,3,3,0.6334782198261473,0.2578876854332023,0.1393560740728241,0,0.3333333333333333,3.0
47,4,4,0.984402180703552,0.5256901823026858,0.1716792858483035,0,0.25,4.0
47,5,5,0.0183906765474667,0.914298806560499,0.1177510828901411,0,0.2,5.0
48,1,1,0.274055220687206,0.5541780025157934,0.6514203883518642,1,1.0,1.0
48,2,2,0.2064212717606032,0.0109958286584804,0.1368856300688072,0,0.5,2.0
48,3,3,0.8738900775625152,0.5974131021703083,0.6005168604336534,0,0.3333333333333333,3.0
48,4,4,0.1753712786234496,0.9144119459249598,0.4187705248920731,0,0.25,4.0
48,5,5,0.5189177052828375,0.046965966775055,0.1662833687560794,0,0.2,5.0
49,1,1,0.0827986679251264,0.6031521094663882,0.2453491096813209,0,1.0,1.0
49,2,2,0.2886937367706998,0.3556727164649491,0.7190459051842455,0,0.5,2.0
49,3,3,0.5664046402968972,0.4760504021990996,0.6636711653626481,1,0.3333333333333333,3.0
49,4,4,0.7325720972102503,0.2149403785907567,0.0311831350612846,0,0.25,4.0
49,5,5,0.5950779307002548,0.0514258134842503,0.4963662472012363,0,0.2,5.0
50,1,1,0.3342438908169608,0.7709122037458219,0.1065982531337718,0,1.0,1.0
50,2,2,0.7281887562036033,0.4954913162061984,0.688402396427736,0,0.5,2.0
50,3,3,0.2464020332391068,0.8191023176741997,0.7994158789689793,0,0.3333333333333333,3.0
50,4,4,0.2721451372299627,0.5902306668690871,0.3609738969400268,0,0.25,4.0
50,5,5,0.9173135754622428,0.1368186309189614,0.9502373538208024,0,0.2,5.0
51,1,1,0.1851329288386196,0.5419009473783581,0.8729458358764083,1,1.0,1.0
51,2,2,0.8065611478614497,0.6587833667107174,0.6922765645178525,1,0.5,2.0
51,3,3,0.2496680088591859,0.4894249636431405,0.2212094418196022,1,0.3333333333333333,3.0
51,4,4,0.9440593396866132,0.0394268113685059,0.7055751725156885,1,0.25,4.0
51,5,5,0.1805753451273335,0.5679452305526295,0.9154882975880418,0,0.2,5.0
52,1,1,0.6974202672468399,0.2973490073725507,0.9243961953765304,0,1.0,1.0
52,2,2,0.944266489113434,0.4742142166574637,0.8620426509893134,1,0.5,2.0
52,3,3,0.3191004732432556,0.8289154741506773,0.0370076347154926,0,0.3333333333333333,3.0
52,4,4,0.230008837287703,0.1205668857772788,0.0769532016292091,0,0.25,4.0
52,5,5,0.3398749637680661,0.7247667715287615,0.0653563407989423,0,0.2,5.0
53,1,1,0.5394912923753372,0.7907231648389635,0.3187525029320699,0,1.0,1.0
53,2,2,0.8859777482361871,0.6158631881823046,0.2329594747536337,0,0.5,2.0
53,3,3,0.8700988739009299,0.0212694108503871,0.8747016726841994,0,0.3333333333333333,3.0
53,4,4,0.9390676985128962,0.7987832357736654,0.9979341105333376,0,0.25,4.0
53,5,5,0.7671882889311269,0.4019309136092421,0.4798756203039088,0,0.2,5.0
54,1,1,0.8736771141863388,0.9840834691992952,0.7682734138645182,1,1.0,1.0
54,2,2,0.4213570022770702,0.7375823015888915,0.2387771457683023,0,0.5,2.0
54,3,3,0.3546221576407765,0.2872389916540817,0.2963081204559901,0,0.3333333333333333,3.0
54,4,4,0.0420931896363618,0.0178739347334138,0.9877223897360315,0,0.25,4.0
54,5,5,0.3843266471596817,0.6796472826930698,0.2182538878650641,1,0.2,5.0
55,1,1,0.786345014415552,0.0894110023122595,0.4175807757849283,0,1.0,1.0
55,2,2,0.9447320222914104,0.4674015112498697,0.6134113892107077,0,0.5,2.0
55,3,3,0.9911686261369764,0.2316717013834434,0.9427317741351257,0,0.3333333333333333,3.0
55,4,4,0.6077367948788591,0.5126885110165086,0.2306698117177587,0,0.25,4.0
55,5,5,0.2204862090701753,0.1864382621442545,0.7795844735667533,0,0.2,5.0
56,1,1,0.0578426765633963,0.9691026301408112,0.8837858849634257,1,1.0,1.0
56,2,2,0.9949078226464352,0.1738952492194873,0.3962420189026587,1,0.5,2.0
56,3,3,0.6960206180537922,0.153895906339855,0.8158331249906178,0,0.3333333333333333,3.0
56,4,4,0.223817614822623,0.5369744228934136,0.5929399348417032,0,0.25,4.0
56,5,5,0.0914868373977548,0.8774608626303804,0.265600042588706,0,0.2,5.0
57,1,1,0.8887480798689772,0.9556514982297534,0.8621276172654506,1,1.0,1.0
57,2,2,0.6552419806390217,0.5508573706091393,0.0869867599114101,0,0.5,2.0
57,3,3,0.372688517012314,0.2597537837603262,0.7234201136885849,0,0.3333333333333333,3.0
57,4,4,0.0810462159076479,0.2201832019498113,0.6832587636595959,0,0.25,4.0
57,5,5,0.8512069140487687,0.4951465270139743,0.480586577326648,0,0.2,5.0
58,1,1,0.8246809659251492,0.347809207902193,0.6780161525590636,1,1.0,1.0
58,2,2,0.2670282701694213,0.878629986355158,0.7974260216069281,0,0.5,2.0
58,3,3,0.8505817290942419,0.8672942009598024,0.7083629767150348,1,0.3333333333333333,3.0
58,4,4,0.6974714616692836,0.6801407717603004,0.6186113782151843,0,0.25,4.0
58,5,5,0.1586051052930737,0.8808707591989284,0.871843527745232,0,0.2,5.0
59,1,1,0.8258167505647627,0.1288698674734452,0.3351188542591419,0,1.0,1.0
59,2,2,0.1607598960483082,0.8179670241190622,0.8321341779577419,0,0.5,2.0
59,3,3,0.0063858717168335,0.2870381331749128,0.6169269183757422,1,0.3333333333333333,3.0
59,4,4,0.6318135270166684,0.2598035810641598,0.6340057030996114,0,0.25,4.0
59,5,5,0.7798453951511436,0.1069806388269584,0.761027902502028,0,0.2,5.0
60,1,1,0.9629920038589946,0.3418721660386861,0.6326218931339481,0,1.0,1.0
60,2,2,0.1025097279906792,0.9372284872364512,0.6878857223008134,0,0.5,2.0
60,3,3,0.3009635669468162,0.7081720886452816,0.0673506014687717,0,0.3333333333333333,3.0
60,4,4,0.3458830569529567,0.6209155177674771,0.0457420338125128,0,0.25,4.0
60,5,5,0.9734889691773968,0.9688778552856916,0.7496518317429247,0,0.2,5.0
61,1,1,0.7582631959290226,0.0245869164588015,0.0221235515289972,0,1.0,1.0
61,2,2,0.4886431904046657,0.7704074178077932,0.6832953766065052,0,0.5,2.0
61,3,3,0.2736266662816659,0.9971245001577111,0.4261813022359729,0,0.3333333333333333,3.0
61,4,4,0.1636238211916691,0.7948095487499294,0.6936822257814886,0,0.25,4.0
61,5,5,0.0823810456158427,0.6804993020747131,0.6545112142811352,0,0.2,5.0
62,1,1,0.9508635622504104,0.1510578917809002,0.4323348010426019,0,1.0,1.0
62,2,2,0.4197273169261223,0.6385259476640855,0.3975943979627943,0,0.5,2.0
62,3,3,0.9839776479598282,0.409334006315043,0.8940992036791344,0,0.3333333333333333,3.0
62,4,4,0.2131047040250833,0.0311340828845113,0.651666825375885,0,0.25,4.0
62,5,5,0.864358249839637,0.4732099066915571,0.9681934279147216,0,0.2,5.0
63,1,1,0.8686231679556108,0.7765968527917417,0.770921844644052,0,1.0,1.0
63,2,2,0.7610239909429989,0.6262203216314154,0.1312448776823875,0,0.5,2.0
63,3,3,0.9208478478156868,0.616650314520738,0.7965372909761763,0,0.3333333333333333,3.0
63,4,4,0.1173081889623944,0.1251857922025504,0.6855652872289714,0,0.25,4.0
63,5,5,0.2005247267003367,0.4915945467414369,0.064208937075134,0,0.2,5.0
64,1,1,0.2689934044350976,0.7975591006371882,0.3103619589235737,0,1.0,1.0
64,2,2,0.0116205399081006,0.0724468877945588,0.3924935564066848,0,0.5,2.0
64,3,3,0.6000205481193037,0.2916625787093032,0.6949818861265425,1,0.3333333333333333,3.0
64,4,4,0.7798509888933498,0.0396188253483571,0.4805069472578289,0,0.25,4.0
64,5,5,0.2420450158625274,0.9866625932671464,0.1424955429015132,0,0.2,5.0
65,1,1,0.6181557343181191,0.702464970544104,0.5596486834869141,1,1.0,1.0
65,2,2,0.3264613082439919,0.5177116433847114,0.0878664991448333,0,0.5,2.0
65,3,3,0.0332031087913665,0.0785784971550207,0.396923276201596,0,0.3333333333333333,3.0
65,4,4,0.5675408482615582,0.6894649691372657,0.8005866991090829,0,0.25,4.0
65,5,5,0.1674825822590697,0.1045678403344002,0.6364302495436367,0,0.2,5.0
66,1,1,0.031586144825642,0.9362122462436898,0.0519712836514724,0,1.0,1.0
66,2,2,0.7090605194509164,0.8709691237460856,0.7140869321324278,1,0.5,2.0
66,3,3,0.339450192542806,0.8148251137465122,0.0801148463846751,1,0.3333333333333333,3.0
66,4,4,0.5475923761537362,0.8172977699624937,0.4523182845183001,0,0.25,4.0
66,5,5,0.5264026609361132,0.7315895217553319,0.0816299820305895,0,0.2,5.0
67,1,1,0.2471032340101464,0.1595446801131883,0.8717835665922017,0,1.0,1.0
67,2,2,0.9758652558191312,0.3368957917711068,0.1821179156886992,1,0.5,2.0
67,3,3,0.6587077755008761,0.498195716453139,0.5553635509376312,0,0.3333333333333333,3.0
67,4,4,0.2284547413312987,0.996333916056742,0.9747931621467832,0,0.25,4.0
67,5,5,0.1995424509291451,0.6802282424312913,0.0721984089791758,0,0.2,5.0
68,1,1,0.2576828885112137,0.4626229567393163,0.8682725054083805,1,1.0,1.0
68,2,2,0.742706521199981,0.4254933344480753,0.3459349925469629,0,0.5,2.0
68,3,3,0.9876495637360578,0.0401091914124824,0.8670314961224486,0,0.3333333333333333,3.0
68,4,4,0.4386154191895904,0.7252576604151365,0.4866689414247028,1,0.25,4.0
68,5,5,0.9007018640112585,0.4217209268734554,0.2768277972350516,0,0.2,5.0
69,1,1,0.912363345616691,0.2106621890056665,0.6229665835634828,1,1.0,1.0
69,2,2,0.733113022415281,0.1315676851272598,0.7158249646820886,1,0.5,2.0
69,3,3,0.1796831088702419,0.2375433249238776,0.9713950940416396,0,0.3333333333333333,3.0
69,4,4,0.8543850933695791,0.4922778564480348,0.247231074403177,1,0.25,4.0
69,5,5,0.4453052550026655,0.5148173539296902,0.3592333693997657,0,0.2,5.0
70,1,1,0.1635238725850227,0.3910815366517607,0.9694123223352876,0,1.0,1.0
70,2,2,0.6567366645412922,0.3251900642246949,0.7734731256866006,0,0.5,2.0
70,3,3,0.9698210450785448,0.4537895413836392,0.2360504633464639,0,0.3333333333333333,3.0
70,4,4,0.1697579050875407,0.5197739485560177,0.3370031764312863,0,0.25,4.0
70,5,5,0.4308875236618059,0.2487142725876299,0.61714498660403,0,0.2,5.0
71,1,1,0.1670419079009498,0.1676192162883176,0.0366714269335429,0,1.0,1.0
71,2,2,0.6638045276218051,0.4746308757498139,0.8441704489691971,1,0.5,2.0
71,3,3,0.5853543643967521,0.8682712805132586,0.2058412100367682,0,0.3333333333333333,3.0
71,4,4,0.2697496115169896,0.0570868560893148,0.531169528001032,1,0.25,4.0
71,5,5,0.0393435406685096,0.1221099140100268,0.4521990282834353,0,0.2,5.0
72,1,1,0.3161561049767505,0.5072348086883924,0.0415728590503921,0,1.0,1.0
72,2,2,0.9866301229588468,0.9651186964360456,0.0049399809344096,1,0.5,2.0
72,3,3,0.6391199378155004,0.8679182945200221,0.4547398556338591,0,0.3333333333333333,3.0
72,4,4,0.4888465802569202,0.6668642575461043,0.1396512547563129,0,0.25,4.0
72,5,5,0.3079299415911909,0.7046807627366467,0.2018534521229483,0,0.2,5.0
73,1,1,0.9699120461072704,0.0939007157894183,0.6726021182251263,1,1.0,1.0
73,2,2,0.8681422543775054,0.1771497894473859,0.6926259522261645,1,0.5,2.0
73,3,3,0.9446142194740232,0.6832480282896458,0.4971747640084273,0,0.3333333333333333,3.0
73,4,4,0.8689049844787182,0.5706097466388297,0.0303870596968368,1,0.25,4.0
73,5,5,0.6895267510315611,0.6765133857772465,0.2156751523977171,0,0.2,5.0
74,1,1,0.3938644056541585,0.6512329770414921,0.1065930303079907,1,1.0,1.0
74,2,2,0.9994137257706666,0.048212038860556,0.9771741842213172,0,0.5,2.0
74,3,3,0.8707534503372591,0.7823854840582735,0.5670162609866678,0,0.3333333333333333,3.0
74,4,4,0.8785155613013479,0.404140321651033,0.3270331615632387,0,0.25,4.0
74,5,5,0.8078459419412586,0.7622851347766157,0.7978136488586345,0,0.2,5.0
75,1,1,0.8178342161750216,0.1202090553706084,0.5444890979608495,1,1.0,1.0
75,2,2,0.3245858299002703,0.3664615348713979,0.3961726916092554,0,0.5,2.0
75,3,3,0.3885581012703457,0.4486936226225306,0.2375441308743274,0,0.3333333333333333,3.0
75,4,4,0.2272696272631514,0.0731959237684436,0.6034485933813779,0,0.25,4.0
75,5,5,0.6194903460096145,0.4634940438005723,0.3797857801792298,0,0.2,5.0
76,1,1,0.519081785136218,0.4791818776297309,0.0256420658064356,0,1.0,1.0
76,2,2,0.380195618785857,0.3988227808969005,0.5801723692273323,0,0.5,2.0
76,3,3,0.6079050927934446,0.7648832615421283,0.8129857387160935,0,0.3333333333333333,3.0
76,4,4,0.9555236959549348,0.0182325826763616,0.1957779856835461,0,0.25,4.0
76,5,5,0.647474714154603,0.8980305489499869,0.2434822965762992,1,0.2,5.0
77,1,1,0.0602673902895608,0.9344360268055144,0.3516226872396344,0,1.0,1.0
77,2,2,0.4858717591863256,0.2567765677205079,0.2848729019619228,0,0.5,2.0
77,3,3,0.8030258978326634,0.5391612766752545,0.3113076991560036,0,0.3333333333333333,3.0
77,4,4,0.7161506742231936,0.2726240007335337,0.4135491015253515,0,0.25,4.0
77,5,5,0.1811493495346803,0.6811178539649828,0.1814383476956269,0,0.2,5.0
78,1,1,0.7090462617224327,0.1068769230947438,0.5673122196289035,1,1.0,1.0
78,2,2,0.9629268752375798,0.4835456467199247,0.8059925497751581,0,0.5,2.0
78,3,3,0.0434125328548191,0.6331513755940223,0.951403342206657,0,0.3333333333333333,3.0
78,4,4,0.8191888594267902,0.8842064633484078,0.2280797719489324,0,0.25,4.0
78,5,5,0.6109809888509917,0.4110284698067047,0.8398613028667203,1,0.2,5.0
79,1,1,0.3534213793027181,0.236870558974482,0.7805255152438618,0,1.0,1.0
79,2,2,0.8226143185136784,0.4237382536487628,0.6675498992914705,0,0.5,2.0
79,3,3,0.623859324676573,0.4517676787372291,0.5866084631754741,0,0.3333333333333333,3.0
79,4,4,0.7368737449441821,0.8627970775432285,0.2167398000907756,0,0.25,4.0
79,5,5,0.0236385860463363,0.641971500443266,0.6070940360887808,0,0.2,5.0
80,1,1,0.2319470961159754,0.3909059959055146,0.594476335186173,0,1.0,1.0
80,2,2,0.9877855202148872,0.1364397525567331,0.6951445540475938,0,0.5,2.0
80,3,3,0.4281996149256147,0.7175977656581762,0.6924361513243696,1,0.3333333333333333,3.0
80,4,4,0.1283942894541252,0.1041096493841663,0.7243388171287412,0,0.25,4.0
80,5,5,0.2741606665598058,0.0794193689889866,0.0856582495964305,0,0.2,5.0
81,1,1,0.1918673247187429,0.3233715621155207,0.226656402226988,0,1.0,1.0
81,2,2,0.0694238427460933,0.5190597909082704,0.0676125635922149,0,0.5,2.0
81,3,3,0.233712081910433,0.5400119146045106,0.8800790875614583,0,0.3333333333333333,3.0
81,4,4,0.5329577865513353,0.3243337531153756,0.3330019130581979,0,0.25,4.0
81,5,5,0.9941393612211676,0.6618391898493786,0.5577834173700249,0,0.2,5.0
82,1,1,0.4652056122837181,0.0601423426007852,0.5622968158779098,1,1.0,1.0
82,2,2,0.1753029423576596,0.6900048908206657,0.2009336886590564,0,0.5,2.0
82,3,3,0.0966764496467196,0.4503709362581851,0.7561633288952461,0,0.3333333333333333,3.0
82,4,4,0.664911724487218,0.7954499607897292,0.9271778194794528,0,0.25,4.0
82,5,5,0.3993159158093081,0.1524160133304174,0.9924835021583752,1,0.2,5.0
83,1,1,0.5399571302805596,0.8420332943764213,0.5209579772720422,0,1.0,1.0
83,2,2,0.0891244321160166,0.7552704204968079,0.1277134836352348,0,0.5,2.0
83,3,3,0.7820280876703859,0.7087446977429764,0.0361603805247621,0,0.3333333333333333,3.0
83,4,4,0.2631125699108428,0.3601364074715191,0.0876427467638385,0,0.25,4.0
83,5,5,0.5538022407123763,0.3055243106580235,0.3969815170742834,0,0.2,5.0
84,1,1,0.6005943333606173,0.5156794276964978,0.9193919732144172,1,1.0,1.0
84,2,2,0.9921580148233128,0.8514249577450957,0.2085105143573358,1,0.5,2.0
84,3,3,0.116366397885476,0.8174497084911916,0.3806232934765801,0,0.3333333333333333,3.0
84,4,4,0.8680566901074503,0.8059254001176211,0.7900304363070614,0,0.25,4.0
84,5,5,0.0809192830512521,0.4029801787651614,0.1735245149865086,0,0.2,5.0
85,1,1,0.3460997265377855,0.9756102008599148,0.640972077345332,0,1.0,1.0
85,2,2,0.1325246727418484,0.8620144822726226,0.9227571905133944,0,0.5,2.0
85,3,3,0.6062529377509774,0.7648098009029954,0.1748386272604125,0,0.3333333333333333,3.0
85,4,4,0.3986630277723131,0.1463739921622491,0.3675344222915314,0,0.25,4.0
85,5,5,0.0258119069494869,0.1351662891548227,0.9631151115891738,0,0.2,5.0
86,1,1,0.96582216115322,0.432497878330132,0.3118161330852596,1,1.0,1.0
86,2,2,0.4395116886329101,0.1056646842617439,0.6408263146902062,0,0.5,2.0
86,3,3,0.6195879548978296,0.6502010923981534,0.1520248531286481,0,0.3333333333333333,3.0
86,4,4,0.7807615860684398,0.4598004237693202,0.0581637955054757,1,0.25,4.0
86,5,5,0.0577805609963666,0.6950352288585532,0.9836789252634136,0,0.2,5.0
87,1,1,0.1422493686871961,0.1213849394224289,0.3032751475675955,0,1.0,1.0
87,2,2,0.6921613416941319,0.0622917981300626,0.5094221281497897,1,0.5,2.0
87,3,3,0.8139702695060188,0.6152194382310109,0.3062536207866116,0,0.3333333333333333,3.0
87,4,4,0.5270414639116516,0.4260833838903715,0.1307103767401994,0,0.25,4.0
87,5,5,0.4497846488213225,0.194622511820765,0.3677593508772896,0,0.2,5.0
88,1,1,0.8275378955668743,0.733614380561402,0.7693048936413398,1,1.0,1.0
88,2,2,0.4161539981797615,0.4813441516353236,0.0191922768230566,0,0.5,2.0
88,3,3,0.760289823122135,0.137109705728999,0.5353101314525917,0,0.3333333333333333,3.0
88,4,4,0.0121207746438932,0.2412014575995414,0.9758737549100538,0,0.25,4.0
88,5,5,0.9595766443210334,0.4878540439263624,0.1097361986775035,0,0.2,5.0
89,1,1,0.4543773345599609,0.844357082739616,0.0980825807842445,0,1.0,1.0
89,2,2,0.1500486646939842,0.32467592689006,0.7373570773877997,0,0.5,2.0
89,3,3,0.3758882851457693,0.3944762785700353,0.4594467684059866,0,0.3333333333333333,3.0
89,4,4,0.8920846889402344,0.9553346865039284,0.7869033862552951,0,0.25,4.0
89,5,5,0.6881347060865421,0.4376031240553919,0.2546706220460512,0,0.2,5.0
90,1,1,0.0384263489623249,0.9017619921354236,0.4614774646247341,0,1.0,1.0
90,2,2,0.6593539222057827,0.8951177407065364,0.6366696821672073,0,0.5,2.0
90,3,3,0.0666520405606899,0.5184080219452041,0.1501690008170416,0,0.3333333333333333,3.0
90,4,4,0.5122219208126745,0.6802277792083533,0.0416729006023842,0,0.25,4.0
90,5,5,0.7163233880626823,0.0720843359986733,0.0712567277652586,0,0.2,5.0
91,1,1,0.95650139829948,0.737508359459007,0.3532514085020641,1,1.0,1.0
91,2,2,0.3497032297458495,0.7746535311811819,0.6613706110704144,0,0.5,2.0
91,3,3,0.1741093353340843,0.0983956497133973,0.6603027197013381,0,0.3333333333333333,3.0
91,4,4,0.265046428325004,0.0209449610309128,0.0821716674764273,1,0.25,4.0
91,5,5,0.2954447774774202,0.7692231478381336,0.6246635688542638,0,0.2,5.0
92,1,1,0.2056872621955551,0.1213864181594064,0.6150129680388666,1,1.0,1.0
92,2,2,0.6439042535411307,0.5303021332491583,0.0419512234316362,1,0.5,2.0
92,3,3,0.7987141916545746,0.2928220367009647,0.9799703293588506,0,0.3333333333333333,3.0
92,4,4,0.5824226582072465,0.7480731794295321,0.8117697880901376,0,0.25,4.0
92,5,5,0.1280957463662,0.3382675059944984,0.9280836403260496,0,0.2,5.0
93,1,1,0.3721670238375133,0.432076882944196,0.4394049896944522,1,1.0,1.0
93,2,2,0.9430758377447076,0.2406927118325049,0.121501376300918,0,0.5,2.0
93,3,3,0.8869249002092695,0.645810812655206,0.2859067892391601,1,0.3333333333333333,3.0
93,4,4,0.861369996363436,0.846514338690278,0.9189265336395545,0,0.25,4.0
93,5,5,0.7550419287462783,0.46053949727414,0.8419985528900615,0,0.2,5.0
94,1,1,0.7764474464997246,0.6561618376810715,0.1774287694697068,1,1.0,1.0
94,2,2,0.9846697395245082,0.9373880664971188,0.0431737357970116,0,0.5,2.0
94,3,3,0.1317287734545619,0.7259799099852955,0.8177853298569451,0,0.3333333333333333,3.0
94,4,4,0.505852692951829,0.8407030280112,0.7328015447662506,0,0.25,4.0
94,5,5,0.5903476904587729,0.50836054691628,0.2975484513188206,0,0.2,5.0
95,1,1,0.6888853020500907,0.8733229158608077,0.6362913539792481,0,1.0,1.0
95,2,2,0.160071634954573,0.4615574744197899,0.0093316198270932,0,0.5,2.0
95,3,3,0.7264617151130048,0.9918099513493636,0.0991780995872159,0,0.3333333333333333,3.0
95,4,4,0.8000709686991595,0.2040356346288988,0.5550849493022862,0,0.25,4.0
95,5,5,0.615985450260179,0.1880247346154161,0.3553845686857394,0,0.2,5.0
96,1,1,0.5542265141320166,0.0052296135429127,0.7609907600280938,1,1.0,1.0
96,2,2,0.7457337827312321,0.2024805601652374,0.9580734801193802,0,0.5,2.0
96,3,3,0.3269316163380791,0.1488880503324446,0.3056042154902149,0,0.3333333333333333,3.0
96,4,4,0.9963343376272472,0.3683095305068483,0.4486106309545425,0,0.25,4.0
96,5,5,0.8861957804650745,0.5930443341867842,0.3915256981778293,0,0.2,5.0
97,1,1,0.6956181464968069,0.0032182636042786,0.6195893374598407,1,1.0,1.0
97,2,2,0.7941973312770843,0.0929906398231321,0.5882022669483905,0,0.5,2.0
97,3,3,0.6423255259052274,0.0648535944829683,0.5799837874281313,0,0.3333333333333333,3.0
97,4,4,0.5606600944161709,0.6034876665964548,0.6764679372263622,0,0.25,4.0
97,5,5,0.2698207201282143,0.8250494101800621,0.4982556822634536,0,0.2,5.0
98,1,1,0.0585509292439792,0.3342383186960608,0.7848969771114676,1,1.0,1.0
98,2,2,0.7886149646724064,0.5172690564416094,0.4401989979554905,0,0.5,2.0
98,3,3,0.3281927536093115,0.4340193661738752,0.0886004296796172,0,0.3333333333333333,3.0
98,4,4,0.5982252940637388,0.7356631142391898,0.9983475113929496,1,0.25,4.0
98,5,5,0.6425651995351915,0.421248053294072,0.6361773647082327,0,0.2,5.0
99,1,1,0.1183361909233873,0.4099048896962882,0.8398022856356172,0,1.0,1.0
99,2,2,0.5718722712271865,0.5877693608621982,0.1844762531336393,0,0.5,2.0
99,3,3,0.3345112887419321,0.0261967085320647,0.0241917638913552,0,0.3333333333333333,3.0
99,4,4,0.2730708099728124,0.5180787662388154,0.298725573588773,1,0.25,4.0
99,5,5,0.2592967588657737,0.4296568127389351,0.8727302504846018,0,0.2,5.0
100,1,1,0.1861014178462773,0.8026433097957104,0.4581868867378926,0,1.0,1.0
100,2,2,0.1334799724159437,0.0806015137571246,0.7279393069737652,0,0.5,2.0
100,3,3,0.4368507026151795,0.7295082286523967,0.7655128989911097,0,0.3333333333333333,3.0
100,4,4,0.6102251494776413,0.1353540822776855,0.7513750860290457,0,0.25,4.0
100,5,5,0.956614621083458,0.0689580163564211,0.0570547211512543,0,0.2,5.0
